file	ratio	shd	档
100_稻富一梦_朝右.png	1.2981	-0.4384	带
1037_泽庵宗彭_朝右.png	1.0937	-0.4966	带
1040_拉斐耶鲁_朝右.png	1.1409	-0.3999	带
1048_阿中_朝右.png	0.9408	-0.4456	带
1056_阿梅_朝正.png	0.9444	-0.442	带
1061_阿玉_朝右.png	0.8697	-0.4225	带
1063_濑名_朝右.png	0.9684	-0.4564	带
106_猪俣邦宪_朝右.png	0.893	-0.2712	带
1075_春桃_朝正.png	1.0452	-0.4323	带
107_今井宗久_朝正.png	1.0992	-0.5173	带
1083_美代_朝正.png	1.2608	-0.4357	带
1087_虎哉宗乙_朝正.png	1.0378	-0.5447	带
115_犬童赖安_朝右.png	1.0661	-0.3071	带
1167_竹中半兵卫_朝正.png	0.9144	-0.4555	带
1168_伊达政宗_朝右.png	0.9236	-0.4883	带
1172_丰臣秀吉_朝正.png	1.1945	-0.4889	带
1178_福岛正则_朝右.png	0.919	-0.4993	带
1182_宫本武藏_朝右.png	0.8661	-0.4882	带
119_上杉谦信_朝正.png	1.1937	-0.4948	带
1200_大国实赖_朝正.png	1.1134	-0.5015	带
1205_多贺谷政广_朝正.png	1.0517	-0.5663	带
1212_宫部长房_朝右.png	0.8919	-0.5164	带
1214_金森可重_朝右.png	0.9162	-0.5401	带
1218_留守显宗_朝右.png	0.9408	-0.5234	带
1219_原长赖_朝正.png	1.2464	-0.5347	带
1220_平塚为广_朝右.png	0.9691	-0.4298	带
1229_色部显长_朝右.png	0.9414	-0.3972	带
1231_江上家种_朝右.png	1.0762	-0.5316	带
1234_河野通直_朝右.png	1.2602	-0.5325	带
1234_河野通直牛福丸_朝右.png	1.2602	-0.5325	带
1235_姊小路良赖_朝右.png	0.9574	-0.5739	带
1242_小川佑忠_朝右.png	0.9005	-0.5321	带
1244_佃十成_朝右.png	0.8524	-0.5477	带
1248_赤星统家_朝右.png	1.3541	-0.5725	带
124_宇喜多直家_朝正.png	0.9404	-0.4832	带
1267_植田光次_朝右.png	0.9469	-0.4883	带
1273_爱洲元香斋_朝右.png	1.0576	-0.541	带
1274_上泉泰纲_朝右.png	0.9859	-0.5158	带
1276_苏我理右卫门_朝右.png	1.3567	-0.553	带
1284_清水景治_朝正.png	1.0569	-0.5638	带
134_臼杵鉴速_朝右.png	1.0032	-0.5521	带
138_鹈殿长照_朝右.png	1.2223	-0.4993	带
13_明智秀满_朝正.png	1.0768	-0.4294	带
143_颖娃久虎_朝右.png	1.0328	-0.291	带
147_远藤直经_朝右.png	0.9097	-0.4359	带
148_远藤基信_朝右.png	1.0362	-0.5335	带
155_大久保忠邻_朝正.png	0.9838	-0.4198	带
159_大崎义隆_朝右.png	1.2181	-0.4604	带
163_太田牛一_朝右.png	1.2065	-0.4951	带
164_太田三乐斋_朝正.png	1.2411	-0.4979	带
171_大野治长_朝正.png	0.9947	-0.5339	带
173_小笠原长时_朝右.png	1.1528	-0.5013	带
184_奥村永福_朝右.png	0.8757	-0.4757	带
187_小濑甫庵_朝右.png	1.274	-0.5209	带
189_织田有乐_朝正.png	0.9577	-0.5244	带
192_织田信包_朝右.png	1.0553	-0.4859	带
19_朝仓景健_朝右.png	0.9788	-0.3335	带
202_小野善鬼_朝右.png	0.9396	-0.469	带
210_甲斐宗运_朝右.png	0.8617	-0.4838	带
214_柿崎景家_朝右.png	0.8517	-0.2718	带
219_葛西晴信_朝正.png	1.0586	-0.488	带
238_蒲池鉴盛_朝正.png	0.9788	-0.4911	带
255_木曾义康_朝右.png	0.9313	-0.4449	带
260_北畠具房_朝正.png	1.2972	-0.4595	带
277_九鬼广隆_朝右.png	0.8722	-0.5206	带
284_国友善兵卫_朝正.png	1.1967	-0.4971	带
295_桑名吉成_朝正.png	1.3406	-0.4389	带
29_足利义昭_朝正.png	1.0068	-0.5297	带
2_赤井直正_朝正.png	1.2427	-0.4968	带
305_儿玉就英_朝正.png	0.8965	-0.4882	带
306_木造具政_朝正.png	1.2575	-0.4958	带
309_后藤贤丰_朝右.png	1.1328	-0.512	带
325_斋藤利三_朝正.png	1.1175	-0.4416	带
337_相良义阳_朝右.png	0.8774	-0.5014	带
338_相良赖房_朝正.png	1.0066	-0.4737	带
352_里见义尧_朝右.png	0.8504	-0.5515	带
358_真田昌辉_朝右.png	0.8543	-0.4493	带
362_佐野房纲_朝右.png	1.0966	-0.5018	带
365_猿渡信光_朝右.png	0.9124	-0.5594	带
369_志贺亲守_朝右.png	0.8922	-0.5179	带
373_宍户元续_朝正.png	1.0108	-0.5278	带
380_柴田胜丰_朝右.png	0.8647	-0.5014	带
383_芝辻清右卫门_朝右.png	0.8885	-0.5183	带
387_岛津家久_朝右.png	1.1545	-0.4532	带
388_岛津日新斋_朝右.png	0.8555	-0.5223	带
391_岛津岁久_朝右.png	1.0194	-0.4674	带
396_清水宗治_朝正.png	1.1911	-0.3362	带
402_上条政繁_朝正.png	1.0321	-0.5117	带
403_白石宗实_朝右.png	1.0388	-0.2009	带
407_神保长城_朝正.png	1.1574	-0.5117	带
410_菅沼定盈_朝右.png	0.9044	-0.5093	带
416_铃木元信_朝正.png	1.0296	-0.4922	带
417_须田满亲_朝右.png	0.8959	-0.4903	带
424_关盛信_朝右.png	1.0605	-0.52	带
427_相马盛胤_朝正.png	1.2599	-0.4197	带
430_宗义智_朝正.png	0.9177	-0.4086	带
433_太原雪斋_朝右.png	1.0543	-0.5456	带
43_阿部正次_朝右.png	0.9626	-0.5472	带
441_高山友照_朝右.png	0.8799	-0.515	带
450_武田信繁_朝右.png	0.9199	-0.184	带
460_楯冈满茂_朝右.png	1.2079	-0.3563	带
467_田中胜介_朝右.png	0.8617	-0.5133	带
476_千坂景亲_朝右.png	1.146	-0.4617	带
478_千叶胤富_朝右.png	0.8753	-0.513	带
47_天野隆重_朝右.png	0.8935	-0.4677	带
483_长宗我部元亲_朝正.png	1.1279	-0.5818	带
485_长续连_朝右.png	0.9624	-0.5302	带
488_津轻为信_朝右.png	0.9709	-0.5593	带
493_筒井顺庆_朝右.png	0.8678	-0.5712	带
498_东乡重位_朝右.png	0.8957	-0.5068	带
4_赤尾清纲_朝正.png	1.1316	-0.4524	带
504_土岐赖次_朝正.png	1.2472	-0.487	带
506_德川家康_朝正.png	1.168	-0.5444	带
509_户泽盛安_朝正.png	1.1501	-0.312	带
514_富永山随_朝右.png	0.884	-0.5219	带
515_丰臣秀次_朝正.png	1.0377	-0.5412	带
517_丰臣秀吉_朝右.png	0.8676	-0.4273	带
517_丰臣秀吉_朝正.png	1.1892	-0.4496	带
535_长野具藤_朝右.png	1.2477	-0.5168	带
537_长野业盛_朝右.png	0.8804	-0.3275	带
542_名古屋山三郎_朝右.png	0.9245	-0.4768	带
545_长束正家_朝正.png	1.0949	-0.5082	带
552_成田长泰_朝右.png	0.9003	-0.5006	带
555_南部利直_朝正.png	1.1881	-0.4984	带
556_南部信直_朝右.png	0.9569	-0.3847	带
557_南部晴政_朝右.png	1.1698	-0.4904	带
564_丹羽长重_朝正.png	1.2055	-0.4715	带
569_祢寝重长_朝右.png	1.024	-0.4985	带
56_安东爱季_朝右.png	1.0374	-0.4543	带
578_畠山高政_朝右.png	0.8787	-0.4972	带
579_畠山义续_朝右.png	0.9151	-0.4912	带
581_波多野晴通_朝右.png	0.8765	-0.4949	带
588_堀立直正_朝右.png	0.9655	-0.5118	带
58_安藤守就_朝右.png	0.9431	-0.4544	带
591_花房职秀_朝右.png	0.9262	-0.4766	带
592_马场信春_朝右.png	0.9129	-0.4523	带
593_林崎甚助_朝正.png	1.2256	-0.4995	带
596_原虎胤_朝右.png	0.9264	-0.4792	带
598_播磨屋宗德_朝正.png	1.1126	-0.5583	带
611_平手泛秀_朝正.png	1.18	-0.2873	带
616_福留亲政_朝正.png	1.1547	-0.4018	带
617_福留仪重_朝正.png	1.1778	-0.4468	带
622_穗井田元清_朝正.png	1.3357	-0.4766	带
624_北条氏邦_朝正.png	1.2051	-0.5183	带
625_北条氏繁_朝正.png	0.9678	-0.426	带
630_北条氏康_朝右.png	1.1622	-0.5327	带
634_保科正俊_朝右.png	1.2733	-0.4113	带
635_安井道顿_朝正.png	1.1294	-0.5335	带
644_堀秀政_朝右.png	1.0403	-0.4151	带
658_前田玄以_朝右.png	0.9323	-0.5176	带
661_前田利政_朝右.png	0.9977	-0.4925	带
664_真壁氏干_朝正.png	1.0996	-0.5382	带
666_真柄直隆_朝正.png	0.8777	-0.3204	带
671_益田元祥_朝右.png	0.8659	-0.4785	带
672_松井康之_朝右.png	1.0758	-0.495	带
677_松平忠吉_朝右.png	0.8746	-0.4826	带
678_松田宪秀_朝右.png	0.8567	-0.5157	带
683_松浦镇信_朝正.png	1.1479	-0.5271	带
685_曲直濑道三_朝正.png	0.9723	-0.4896	带
686_丸目长惠_朝右.png	0.8731	-0.5279	带
687_三云成持_朝右.png	0.9824	-0.5017	带
68_池田元助_朝右.png	1.0127	-0.1394	带
692_水野信元_朝右.png	0.9715	-0.5167	带
695_三刀屋久祐_朝右.png	1.0425	-0.5167	带
701_三好笑岩_朝右.png	1.0397	-0.4381	带
704_三好长庆_朝右.png	0.9019	-0.547	带
713_村上国清_朝正.png	1.1735	-0.5046	带
71_石川昭光_朝右.png	1.0775	-0.5286	带
722_毛利元就_朝右.png	0.8994	-0.5312	带
726_望月六郎_朝右.png	1.1031	-0.4859	带
729_百地三太夫_朝正.png	0.9573	-0.4995	带
731_森忠政_朝右.png	1.3534	-0.5111	带
732_母里太兵卫_朝右.png	0.8595	-0.4129	带
733_森长可_朝右.png	0.8715	-0.4294	带
737_师冈一羽_朝正.png	1.0034	-0.5133	带
73_石川五右卫门_朝右.png	1.0371	-0.2634	带
743_施药院全宗_朝右.png	0.8668	-0.4529	带
745_矢泽赖康_朝右.png	0.8867	-0.4885	带
747_安田显元_朝右.png	1.0636	-0.4966	带
74_石川高信_朝右.png	0.9574	-0.5137	带
751_山崎片家_朝正.png	0.8798	-0.4507	带
752_山崎长德_朝右.png	1.2501	0.0185	带
762_汤浅五助_朝右.png	0.9674	-0.4219	带
769_吉江景资_朝右.png	1.0076	-0.4781	带
771_吉冈清十郎_朝右.png	0.9449	-0.4858	带
783_依冈左京_朝正.png	1.0297	-0.4057	带
78_伊集院忠栋_朝右.png	0.8751	-0.4805	带
791_六角义治_朝右.png	0.9073	-0.4572	带
795_和田昭为_朝正.png	1.0994	-0.5253	带
800_上杉宪政_朝正.png	1.2339	-0.5424	带
81_板仓胜重_朝右.png	0.9475	-0.5366	带
827_松永长赖_朝右.png	1.0006	-0.255	带
832_冷泉隆丰_朝右.png	1.3571	0.0162	带
839_尼子国久_朝正.png	1.2144	-0.2667	带
88_伊地知重兴_朝正.png	0.9795	-0.4034	带
8_赤松义祐_朝正.png	1.07	-0.5316	带
93_一色义道_朝正.png	1.0396	-0.491	带
94_出浦盛清_朝右.png	0.9118	-0.4732	带
1039_阿鲁梅达_朝正.png	1.9584	-0.5151	左
1047_宁宁_朝正.png	2.6231	-0.3573	左
1128_小姓_朝正.png	1.5276	-0.4551	左
1195_片仓重长_朝正.png	1.7146	-0.2064	左
1215_斯波义银_朝右.png	1.4621	-0.5844	左
1225_岛津忠直_朝右.png	1.659	-0.5361	左
1232_甘粕景继_朝右.png	1.6311	-0.4194	左
1240_明智光安_朝正.png	1.4002	-0.6085	左
1246_有马丰氏_朝右.png	1.8904	-0.4473	左
1257_伊达小次郎_朝正.png	1.851	-0.4404	左
1258_金光文右卫门_朝正.png	1.4101	-0.4592	左
1260_多米元忠_朝右.png	1.8329	-0.4691	左
1287_三浦按针_朝右.png	1.878	-0.4984	左
158_大熊朝秀_朝右.png	2.0577	-0.3514	左
167_大友宗麟_朝右.png	1.4653	-0.4573	左
223_糟谷武则_朝右.png	1.8834	-0.2994	左
225_片仓景纲_朝正.png	1.5013	-0.4891	左
302_高力清长_朝正.png	1.4395	-0.4697	左
321_杂贺孙一_朝右.png	1.5316	-0.4776	左
323_斋藤传鬼坊_朝右.png	1.4537	-0.4755	左
328_斋村政广_朝正.png	1.5536	-0.4637	左
340_佐久间盛重_朝右.png	27.3378	0.0142	左
344_笹部勘二郎_朝右.png	1.4418	-0.2745	左
350_佐田彦四郎_朝正.png	2.4085	-0.3415	左
398_志村光安_朝正.png	1.5601	-0.431	左
457_立花直次_朝正.png	1.4867	-0.4907	左
469_谷忠澄_朝正.png	1.9738	-0.4614	左
477_千叶邦胤_朝正.png	1.7799	-0.4737	左
496_土居宗珊_朝正.png	1.4399	-0.4415	左
527_长井道利_朝正.png	1.4502	-0.5248	左
585_蜂须贺小六_朝右.png	5.8269	-0.2649	左
65_池田惣左卫门_朝正.png	1.5536	-0.4809	左
707_三好义兴_朝正.png	1.7064	-0.4892	左
719_毛利重能_朝右.png	1.5303	-0.4776	左
774_吉田重俊_朝正.png	1.4352	-0.5062	左
852_杉重矩_朝正.png	1.3997	-0.498	左
